{
    "name": "Global Information",
    "numberOfRequests": {
        "total": 10570,
        "ok": 10568,
        "ko": 2
    },
    "minResponseTime": {
        "total": 22,
        "ok": 22,
        "ko": 60000
    },
    "maxResponseTime": {
        "total": 60001,
        "ok": 59666,
        "ko": 60001
    },
    "meanResponseTime": {
        "total": 1017,
        "ok": 1006,
        "ko": 60001
    },
    "standardDeviation": {
        "total": 3844,
        "ok": 3758,
        "ko": 1
    },
    "percentiles1": {
        "total": 122,
        "ok": 122,
        "ko": 60001
    },
    "percentiles2": {
        "total": 243,
        "ok": 243,
        "ko": 60001
    },
    "percentiles3": {
        "total": 3869,
        "ok": 3865,
        "ko": 60001
    },
    "percentiles4": {
        "total": 21870,
        "ok": 18985,
        "ko": 60001
    },
    "group1": {
    "name": "t < 800 ms",
    "count": 9068,
    "percentage": 86
},
    "group2": {
    "name": "800 ms < t < 1200 ms",
    "count": 217,
    "percentage": 2
},
    "group3": {
    "name": "t > 1200 ms",
    "count": 1283,
    "percentage": 12
},
    "group4": {
    "name": "failed",
    "count": 2,
    "percentage": 0
},
    "meanNumberOfRequestsPerSecond": {
        "total": 2.4777308954524147,
        "ok": 2.4772620721987813,
        "ko": 4.6882325363338024E-4
    }
}