{
  "type": "GROUP",
"name": "Global Information",
"path": "",
"pathFormatted": "group_missing-name-b06d1",
"stats": {
    "name": "Global Information",
    "numberOfRequests": {
        "total": 10570,
        "ok": 10568,
        "ko": 2
    },
    "minResponseTime": {
        "total": 22,
        "ok": 22,
        "ko": 60000
    },
    "maxResponseTime": {
        "total": 60001,
        "ok": 59666,
        "ko": 60001
    },
    "meanResponseTime": {
        "total": 1017,
        "ok": 1006,
        "ko": 60001
    },
    "standardDeviation": {
        "total": 3844,
        "ok": 3758,
        "ko": 1
    },
    "percentiles1": {
        "total": 122,
        "ok": 122,
        "ko": 60001
    },
    "percentiles2": {
        "total": 243,
        "ok": 243,
        "ko": 60001
    },
    "percentiles3": {
        "total": 3869,
        "ok": 3865,
        "ko": 60001
    },
    "percentiles4": {
        "total": 21870,
        "ok": 18985,
        "ko": 60001
    },
    "group1": {
    "name": "t < 800 ms",
    "count": 9068,
    "percentage": 86
},
    "group2": {
    "name": "800 ms < t < 1200 ms",
    "count": 217,
    "percentage": 2
},
    "group3": {
    "name": "t > 1200 ms",
    "count": 1283,
    "percentage": 12
},
    "group4": {
    "name": "failed",
    "count": 2,
    "percentage": 0
},
    "meanNumberOfRequestsPerSecond": {
        "total": 2.4777308954524147,
        "ok": 2.4772620721987813,
        "ko": 4.6882325363338024E-4
    }
},
"contents": {
"req_logintenant-d821d": {
        "type": "REQUEST",
        "name": "LoginTenant",
"path": "LoginTenant",
"pathFormatted": "req_logintenant-d821d",
"stats": {
    "name": "LoginTenant",
    "numberOfRequests": {
        "total": 3526,
        "ok": 3526,
        "ko": 0
    },
    "minResponseTime": {
        "total": 99,
        "ok": 99,
        "ko": 0
    },
    "maxResponseTime": {
        "total": 41121,
        "ok": 41121,
        "ko": 0
    },
    "meanResponseTime": {
        "total": 795,
        "ok": 795,
        "ko": 0
    },
    "standardDeviation": {
        "total": 1919,
        "ok": 1919,
        "ko": 0
    },
    "percentiles1": {
        "total": 144,
        "ok": 144,
        "ko": 0
    },
    "percentiles2": {
        "total": 547,
        "ok": 547,
        "ko": 0
    },
    "percentiles3": {
        "total": 3718,
        "ok": 3718,
        "ko": 0
    },
    "percentiles4": {
        "total": 7585,
        "ok": 7585,
        "ko": 0
    },
    "group1": {
    "name": "t < 800 ms",
    "count": 2807,
    "percentage": 80
},
    "group2": {
    "name": "800 ms < t < 1200 ms",
    "count": 149,
    "percentage": 4
},
    "group3": {
    "name": "t > 1200 ms",
    "count": 570,
    "percentage": 16
},
    "group4": {
    "name": "failed",
    "count": 0,
    "percentage": 0
},
    "meanNumberOfRequestsPerSecond": {
        "total": 0.8265353961556493,
        "ok": 0.8265353961556493,
        "ko": 0
    }
}
    },"req_tenantcreateser-35a49": {
        "type": "REQUEST",
        "name": "TenantCreateServiceRequest",
"path": "TenantCreateServiceRequest",
"pathFormatted": "req_tenantcreateser-35a49",
"stats": {
    "name": "TenantCreateServiceRequest",
    "numberOfRequests": {
        "total": 3522,
        "ok": 3520,
        "ko": 2
    },
    "minResponseTime": {
        "total": 109,
        "ok": 109,
        "ko": 60000
    },
    "maxResponseTime": {
        "total": 60001,
        "ok": 59666,
        "ko": 60001
    },
    "meanResponseTime": {
        "total": 2108,
        "ok": 2075,
        "ko": 60001
    },
    "standardDeviation": {
        "total": 6093,
        "ok": 5936,
        "ko": 1
    },
    "percentiles1": {
        "total": 144,
        "ok": 144,
        "ko": 60001
    },
    "percentiles2": {
        "total": 455,
        "ok": 453,
        "ko": 60001
    },
    "percentiles3": {
        "total": 13475,
        "ok": 13474,
        "ko": 60001
    },
    "percentiles4": {
        "total": 30116,
        "ok": 29856,
        "ko": 60001
    },
    "group1": {
    "name": "t < 800 ms",
    "count": 2796,
    "percentage": 79
},
    "group2": {
    "name": "800 ms < t < 1200 ms",
    "count": 58,
    "percentage": 2
},
    "group3": {
    "name": "t > 1200 ms",
    "count": 666,
    "percentage": 19
},
    "group4": {
    "name": "failed",
    "count": 2,
    "percentage": 0
},
    "meanNumberOfRequestsPerSecond": {
        "total": 0.8255977496483825,
        "ok": 0.8251289263947492,
        "ko": 4.6882325363338024E-4
    }
}
    },"req_logouttenant-62bde": {
        "type": "REQUEST",
        "name": "LogoutTenant",
"path": "LogoutTenant",
"pathFormatted": "req_logouttenant-62bde",
"stats": {
    "name": "LogoutTenant",
    "numberOfRequests": {
        "total": 3522,
        "ok": 3522,
        "ko": 0
    },
    "minResponseTime": {
        "total": 22,
        "ok": 22,
        "ko": 0
    },
    "maxResponseTime": {
        "total": 40702,
        "ok": 40702,
        "ko": 0
    },
    "meanResponseTime": {
        "total": 147,
        "ok": 147,
        "ko": 0
    },
    "standardDeviation": {
        "total": 1244,
        "ok": 1244,
        "ko": 0
    },
    "percentiles1": {
        "total": 30,
        "ok": 30,
        "ko": 0
    },
    "percentiles2": {
        "total": 35,
        "ok": 35,
        "ko": 0
    },
    "percentiles3": {
        "total": 129,
        "ok": 129,
        "ko": 0
    },
    "percentiles4": {
        "total": 2004,
        "ok": 2004,
        "ko": 0
    },
    "group1": {
    "name": "t < 800 ms",
    "count": 3465,
    "percentage": 98
},
    "group2": {
    "name": "800 ms < t < 1200 ms",
    "count": 10,
    "percentage": 0
},
    "group3": {
    "name": "t > 1200 ms",
    "count": 47,
    "percentage": 1
},
    "group4": {
    "name": "failed",
    "count": 0,
    "percentage": 0
},
    "meanNumberOfRequestsPerSecond": {
        "total": 0.8255977496483825,
        "ok": 0.8255977496483825,
        "ko": 0
    }
}
    }
}

}