{
    "name": "Global Information",
    "numberOfRequests": {
        "total": 15245,
        "ok": 15237,
        "ko": 8
    },
    "minResponseTime": {
        "total": 22,
        "ok": 22,
        "ko": 10001
    },
    "maxResponseTime": {
        "total": 60000,
        "ok": 59446,
        "ko": 60000
    },
    "meanResponseTime": {
        "total": 1890,
        "ok": 1872,
        "ko": 36990
    },
    "standardDeviation": {
        "total": 5290,
        "ok": 5213,
        "ko": 18570
    },
    "percentiles1": {
        "total": 346,
        "ok": 346,
        "ko": 26621
    },
    "percentiles2": {
        "total": 823,
        "ok": 821,
        "ko": 60000
    },
    "percentiles3": {
        "total": 7713,
        "ok": 7647,
        "ko": 60000
    },
    "percentiles4": {
        "total": 27735,
        "ok": 27706,
        "ko": 60000
    },
    "group1": {
    "name": "t < 800 ms",
    "count": 11377,
    "percentage": 75
},
    "group2": {
    "name": "800 ms < t < 1200 ms",
    "count": 693,
    "percentage": 5
},
    "group3": {
    "name": "t > 1200 ms",
    "count": 3167,
    "percentage": 21
},
    "group4": {
    "name": "failed",
    "count": 8,
    "percentage": 0
},
    "meanNumberOfRequestsPerSecond": {
        "total": 3.4569160997732427,
        "ok": 3.4551020408163264,
        "ko": 0.0018140589569160999
    }
}